text,opinion
@apple can you get your iphone to stop vibrating when you get a text?,2
enjoy #Twitter Buzz Builds for the #Occupy_Wall_Street Movement [CHARTS] http://t.co/vKjwATSr great,2
#apple #facebook @facebook #microsoft hahahahaha http://t.co/XeNSzCjh,3
Samsung Galaxy Nexus officieel aangekondigd door #google en #samsung!,3
Why can't I check just Notes (without mail) on Lion for #iCloud like I do on the iOS devices @apple ?,2
@betweensundays Ah! Yeah...should be an option...hopefully @apple figures that out. Thx,0
Follow your interests #twitter,2
RT @nicolebanyots: #twitter UH SHOW ME MY RETWEETS OR ILL GO BACK TO FACEBOOK. K? K.,1
Echelon Quality Management System pdf ebook: http://t.co/OudMwlne #google,2
Steve Ballmer #Microsoft's chief executive believes that #Google's #Android mobile phones for being too complicated. What do you...,2
Salut les twittos! Un petit résumé de cet conf' ? :) #ICS #GOOGLE,2
Hey @apple if you send me a free iPhone (any version will do) I will publicly and ceremoniously burn my #BlackBerry.,2
@msantram I want @apple to integrate Siri with @Quora.,2
Big mo: In one week @Apple #iCloud hits 20M users; 25M use #iOS 5 http://t.co/HTpUTBFK via @cnet,2
Para todos los androides he aquí la nueva bestia de #Google! El #GalaxyNexus http://t.co/oUTER1n4,3
o @jcsantos22f1 sumiuuuuuuuuuuuuuuu D #TWITTER kkkkkk + apareceu n msn... saudadeeees,3
RT @DailyDealChat: @bidmyway I like your app for the @apple iPhone very simple and easy to use!,0
RT @ShayDiddy: @CircusTK @ups @apple both of them are bs!!! How do u tell me go between a certain time ONLY and the muh fuh is closed!,1
RT @NeowinFeed: Google shows off new Ice Cream Sandwich features #google #android http://t.co/LlJpGM2a #neowin,2
Cupom Google AdWords + Promo Starter Kit da LogosBr = Divulgação Eficaz e de Graça! Confira: http://t.co/kf9supYG #Google #AdWords #LogosBr,3
Hello #twitter!,2
Lol itss ben a #year since i had a #twitter but i jus start using it,2
Probably the best #IceCreamSandwich (yet)! #Samsung and #Google's event live blog by @engadget! Why haven't I switched to #Android again?,0
@ThatsRealTalkin I'm doing the Tallman #Twitter list for fun!! I just wanna see how many men 6'3 and up are on Twitter! It's just for fun :),0
Uff mucha expectación con el Plan Nacional :-): Qué prioridades tenemos como Pais? Plan Nacional: http://t.co/rumOPWl0 #microsoft,3
Will @Apple's Mac ever properly be used in the financial markets or is it purely a creatives device? Shift from IBM to Mac? #finpanther,2
OMG @apple WHY THE FUCK DID YOU DELETE ALL MY MUSIC YOU DICKS,1
This is what I have been waiting for RT @Apple The last big project Steve Jobs was working on was the new cranial insertion device: iMplant.,0
Un abrazo a tod@s desde el @Apple Store en #NewYork. Es un honor sumarse a la gente que honra la memora y el #genio de #SteveJobs.,3
New macbook is too sick @apple,0
no los menciono por que me calientan el #twitter,3
On Google+ then go here http://t.co/XP4apWAH #GPlus #Googleplus #Google #teamfollowback #socialnetwork,2
fuck u @apple,1
#Twitter'Offf :D,2
RT @WinBetaDotOrg: Microsoft giving away free Windows Phones with a $499 purchase http://t.co/K2qYY9ex #Microsoft #Windows_Phone,2
RT @MobileTechWorld: Jet Car Stunts Xbox Live game for Windows Phone released http://t.co/O3hYxBxh #wp7 #xbox #microsoft,2
#Techno : #Microsoft lanza sitio oficial de #Skype http://t.co/oQ2JbPS3,3
#twitter is like therapy for sum people say wat you feel & get alot off yo chest.. And don't care wat the next person say,0
My #iPhone4S battery is dying like crazy @Apple!!,1
New Galaxy Nexus: Video looks awesome! #nexus #samsung #google #android bit.ly/nEJbyE,2
Dear @apple please send me my Mac Book back surely the repair is done by now... Thanks!,0
- It's So Funny Because She Got A #Twitter Now Lol.,2
Put your twitter on autopilot and let it gain followers for you!! http://t.co/hze1TqAl #TeamFollowBack #Twitter #autopilot #1000aday 9,2
Regístrate para asistir este 8 de noviembre al lanzamiento de #Microsoft Dynamics AX 2012 http://t.co/txHEoInE,3
saiiidoooo aqui do #twitter . só Msn agr add aii danilosooares@hotmail.com ;DD,3
@theresamarosy haha k thought everybody knew #Microsoft sucks.,1
Un vistazo a Windows Server 8 http://t.co/Q0D7dJdN #Microsoft,3
#android Google confirma que todos los dispositivos con gingerbread tendrán Ice Cream Sandwich: Y desde ... http://t.co/bUcSI4xy #google,3
RT @BrightSideNews: @Google and @Samsung Announce the #Galaxy #Nexus http://t.co/dZHvFxVh #Android #ICS #Icecreamsandwich #Google #Samsung,2
#Facebook y #Twitter me volverán loco! :$!,3
New #iOS5 notification center is a big improvement but @apple missed an easy trick by not making it fully available on lock screen.,0
#microsoft announces SP3 for #office2007 and #sharepoint2007.,2
Anschauen! Genial! http://t.co/YLVJAzxz #Google #Nexus #Vorstellung,3
#Android #Google Samsung Galaxy Nexus official hands-on [Video] http://t.co/6GX3R9MT #DhilipSiva,2
#Google releases 50 new features for presentations in #GoogleDocs http://t.co/0x6crRao,2
RT @packard_bell: #SteveBallmer CEO de #Microsoft dice que se necesita ser un cientifico para manejar #Android http://t.co/W03j7hTA,3
This #TT was well needed cuz I thought #Twitter was dien.,1
I've seen a couple of iPhone 4S's already but still no Windows Phone 7's ... ever! #Microsoft not so hot.,1
あぽたん誰にでも…(^ω^三^ω^) RT @yuntaro0304: [23:04:35] 橘 龍希＠apple: 可愛いよ(*･ω･*) あぽたんにくどかれてるなう,3
#Twitter Hoje ta #BONBANO só #ELITE poooha,3
#Facebook Y #Twitter Off xd,3
Reconnaissance faciale poir debloquer ton phone :-) #google #android,0
#Twitter is hella funny when got people on here you grew up with....lmao,0
alrite back to this lab report. Later #Twitter,2
caramba a galera da #google mandou muito bem no novo #android novidades na app da camera estão d+ #soudev \o/ quero o novo Google Nexus :D,3
Sneaky sneaky. Seven ways to spy on your competition using #Twitter - http://t.co/RxopvNGQ - via @ruhanirabin @AskAaronLee,2
#Microsoft convierte en táctil a cualquier superficie [ #VIDEO ] http://t.co/mKNOVBUS,3
remember when people used to say ""flat the fuck out!!"" lol.. and their face while saying.... kindahow i feel about @apple,1
#microsoft #research shows #Holodesk. Awesome!!! The holodeck is one step closer! bit.ly/pCMJON #kinect /via @dvroegop,2
quitandole las telarañas al #twitter jajaja,3
Steve Ballmer haalt uit naar #Android: http://t.co/jZWofwYc #Microsoft haalt uit omdat zelf falen op mobiele markt?,3
http://t.co/EVItL2eO @KentStoffels @MArioMUssolini @iOS_Notch @Apple,2
Hmmmm a lot of #Siri features don't work in Canada. Location and directions? Seriously @apple come on!,1
RT @CNBC: The World's 10 Most Tweeted Moments - Link to Story http://t.co/iKZiM8i5 #Twitter,2
01:50 no #msn e no #twitter e #Facebook.,1
Ey #Google tu que haces con esos 3300 millones de dolares mensuales ?,3
But does request desktop site work with hulu?!?!? #ICS #Google,2
Pondering the iOS update... From the sounds of @MikeFerri's difficulties I may just hold off :/ @Apple FIX IT!,1
SeNews : Ballmer: 70% Of The Time Google & Bing Are The Same So Try Bing! #Microsoft #Bing : http://t.co/6RmJ9Bgn,2
[WebProNews Finance] #Yahoo Revenue Drop Attributed to #Microsoft Deal http://t.co/EOrOSstX,2
Bien repensé l'app photo #nexusprime #google #android avec l'aperçu direct,0
Zeer enthousiaste reacties op bedrijfsbezoek aan #Microsoft voor de (interim) #secretaresse dank Kelly en Brigitte voor de goede ontvangst!,3
Nexus S รอกินไอศกรีมแซนวิช #google #android #ics,3
Me voy a dormir... Goodnight #twitter,3
Put your twitter on autopilot and let it gain followers for you!! http://t.co/hze1TqAl #TeamFollowBack #Twitter #autopilot #1000aday 1,2
The #Google guys are illustrating the perils of a live demonstration admirably. #GalaxyNexus #ICS #Android,0
How #Apple eclipsed #Microsoft http://t.co/1fH0dFGj from @guardian,2
#Microsoft opens a temp #Kinect / Windows Phone Store http://t.co/txnKgFzl #wp7 #windowsphone #xbox360 #wp75 #msft,2
#Google To Begin Encrypting Searches & Outbound Clicks By Default With SSL Search http://t.co/bf5zVm0U @searchengineland,2
#Microsoft #Opens The Door To Two #Spanish #Entrepreneurs With #Medical #Project ! http://t.co/c97sNizT,2
#Microsoft Lync crash issue on #Mac OS X 10.7.2 [Fixed] - http://t.co/rzucFejc,2
Que bueno que hay gente que no te lee aqui en #twitter :D,3
i want him to make a #Twitter,0
Ballmer: ""Necesitas ser un científico para manejar Android"" http://t.co/7iEeAtNR #Microsoft #Steve_Ballmer #SteveBallmer #Windows_Phone,3
AsiaClassifiedToday: Adopting solar leasing programmes in Singapore by Rachel Wong - eco-bus... http://t.co/l1V1gUIG #asia #google #ads,2
Sign up for online #Microsoft #HyperV #Virtualization 70-659 training on Nov. 2. It is $99 has a $150 exam voucher! http://t.co/zcHV6TaC,2
@WSPSanDiego Kickoff tomorrow 10/20 at San Diego #Microsoft Store at 6:00pm @wspwest http://t.co/5FiP2vVg or ping me #in,2
Microsoft Security Essentialの定義ファイルがアップデートしました：1.115.102.0 &gt; http://t.co/QuqPibic #Microsoft,3
At @Apple HQ,2
I will never purchase another @Apple product for the rest of my life. I am glad Steve Jobs is fucking dead. MAY YOU FUCKING ROT IN HELL!!!!!,1
Ok @iTunesMusic idk wth is up but after syncing my phone my album art is out of order! WTF @Apple!,1
Le #GalaxyNexus fait bien envie... Mais bizarrement ça me gêne qu'il y soit marqué #Google au dos.,0
#twitter tiene la mala costumbre de ponerce bno cuano yo me voy :/,3
did he just say hipster filters? #google #android,2
Povidani s #Microsoft o #Azure. V Evrope uz je data centrum i v Amsterodamu chysta se v Nemecku a Rusku. V kazdem pres 250 000 serveru.,3
#Microsoft Please check out or site and join please. http://t.co/dRR4oq1Z we need more ppl maybe u can help,2
RT @/iPadPowerUsers-On Google+ then go here http://t.co/tMGHv24E #GPlus #Googleplus #Google #teamfollowback #socialnetwork,2
@kymbersanden #google my favorite study guide,0
#Google #News: Unwrapping Ice Cream Sandwich on the Galaxy Nexus: (Cross-posted on the Google Mob... http://t.co/AgC6PCz7 #harshgandhitk,2
@ksidd94 lol it's #tocomplicated to explain on here lol #lookitup #google #twitterrookie #lmao,2
Microsoft releases developer preview of ""Project Roslyn"" compiler http://t.co/lpb9n510 #Microsoft #beta,2
Steve Ballmer CEO van #Microsoft haalt uit naar #Android. Ach hij moet toch wat niemand koopt zijn #phone7... http://t.co/mPpEi6ul,3
Vou Dormir . Boa Noite Galera Do #Twitter E Do #Facebook,3
He asked Siri where's the hoes at & she told him where the nearest escorts were I love @apple,0
Comparing the @apple & @BlackBerry apps/interfaces can anyone imagine how @BlackBerry could have done worse? #sadreally,1
#fail i guess @apple didnt notify these clowns that the iPhone5 isnst out yet.... http://t.co/2yCDNt1B,1
Brilhante a apresentação do Android ICS. O Google simplesmente abusou da tecnologia!!! Sambou na cara das agendas !!! #ICS #google #Android,3
New calendar app with pinch to zoom capabilities. Far superior to the current one! #Google #Android #ICS,0
My #twitter age is 285 days 8 hours 52 minutes 38 seconds. Find out yours at http://t.co/q5mvW7VF #twittertime,2
RT @Pocketlint: Ballmer on Nokia: Really looking forward to bunch of new devices next week #nokia #microsoft #wp7 http://t.co/vOH8VM8A,2
RT @GLaraLopez: The Perks of Working at #Google #Facebook #Twitter and More [INFOGRAPHIC] http://t.co/0KcgbMWF #sm #socialmedia #redes ...,2
jajajaja ;) ps q mas se hace En #Twitter @PilarGarciaM,3
Características Samsung Galaxy Prime con Android ICS 4.0 ~ ANDROIDVZLA http://t.co/LmbrSC4Y #android #androidvzla #google #ICS,2
RT @iphone4S_nerd: #Microsoft’s Ballmer: Android phones are boring overcomplicated http://t.co/xyM8fxD0 via @BGR,1
@RickySinghPT got a new backside for my eye phone! V impressed with @apple,0
#Google releases an Infinite Digital Bookcase http://t.co/12AuhZ6o by @MeghanKel,2
[HighTech] Microsoft PocketTouch - Multitouch Através de Tecido http://t.co/eLqI5VAB #touch #pockettouch #microsoft,2
If #Google don't fix pinch-zoom on #Android 2.3.6 soon I might have to leave the fold and go #CyanogenMod,1
RT @mashable #Google Launches #Android Ice Cream Sandwich OS http://t.co/zxfeb0ld,2
RT @capoKenn: i like big glutus & i cannot lie #GOOGLE&lt;sandra levels lol&gt;,2
Good lord #twitter send my bloody tweets! #ihateyourightnow,1
RT @modalnho: New mov: ""ショウケース@apple store 銀座"" 記録 / starring:ichiro_ REPEAT PATTERN moda → http://t.co/kmJ0o1Ja,3
@GuySie Heb je gisteren Tros Radar gezien over Apple. Garantie werd niet nagekomen door @Apple en devices zeer snel kapot.,3
People that do this "" #This #Is #My #Twitter "" and pound everything. Needs to delete their Twitter.,1
@BenFolds p.s. I would have never used the word ""playa"" over ""player"" if #Twitter wasn't so restrictive...,1
#Microsoft y el nuevo #Omnitouch convierte cualquier superficie en pantalla tactil http://t.co/TkgcW6y8,3
Conoce al nuevo #Samsung #GalaxyNexus con #Android 4.0 #IceCreamSandwich - http://t.co/PdGz1l51 #Google #Smartphones,3
3 Tricks für mehr Kontrolle über #Microsoft #Windows 7 -http://j.mp/mSOETz #hack,3
@apple iPhone 4S robo-brain Siri doesn’t play well outside the U.S. http://t.co/LYppovGb,1
Update : Google Officially calls Android Ice Cream Sandwich Shouts Android 4.0 http://t.co/zzRuwrSk #google #ics #android4,2
#Microsoft åtnjuter ju trots allt fortfarande en liten gnutta respekt i branschen. Så varför är Steve Ballmer kvar?,3
Technology 4 StartUp Britain Week: Attracting Customers With SEO and PPC http://t.co/o7tHRXPr #microsoft,2
Quem não tem um #TWITTER que atire a primeira pedraaaa,3
@Apple iOS 5 is sweet! Notifications phone search covers mail now wifi sync iCloud backup and integrated Twitter are all well done.,0
@apple is there a problem with iOS 5 that is preventing audio apps and audio functions from operating properly? I keep losing sound.,1
#Google confirms #Nexus S will get #Ice_Cream_Sandwich -- for real this time (#Gingerbread devices too) http://t.co/4x69YDfE,2
RT @RomanKrd: На Microsoft Management Summit 2011 проблемы с интернет #russia #microsoft,3
@cloudnewsindia New Version of #Cloud InTune is Available: Posted on #Windows 7 News...#Microsoft has just..http://bit.ly/pY0hlZ,2
I love @apple service . My case has cracked 3x and I go in and they hand me a case and I walk out,0
Fregon el nuevo facebook para iPod/iPhone haha alomejor ya tiene rato pero yo lo acabo de actualizar @apple,3
i-nexus Named as One of The Telegraph's Top 1000 - Free PR Site (press release) http://t.co/J4AHo3Aa #nexus #one #google,2
RT @AndroidTopNews: Steve Ballmer: Android is for computer science geeks http://t.co/o7vJl4Tl #News #android #google #microsoft #steve_b ...,2
@AsimRang @apple @umber well so far ive seen it for apps,2
RT @TheSoap88: #Twitter is interesting 24hrs a day. #Facebook is interesing 2hrs a day.,0
US-Steuerbehörde leitet Untersuchung gegen #Google ein http://t.co/wfjxlKhe via @zdnet_de,3
@samixitoledo jajajaja pero no kiere decir q m vas a dejar de hablar adems el mio amore no tiene #Twitter. Jajaja,3
Distrust and angst amongst #Nokia employees against #Selop #Microsoft fixation. http://t.co/jkOTcrMb,1
#Microsoft's Ballmer: We’re beating #Google in the #cloud http://t.co/XIq3v54f,0
Galaxy Nexus anunciado oficialmente: pantalla de 4 65 pulgadas y Ice Cream Sandwich http://t.co/gDETlxsN #galaxy_nexus #GalaxyNexus #google,3
#Android #Google The Galaxy Nexus' System Apps Have Been Dumped http://t.co/LCZNPDHR #DhilipSiva,1
#Twitter #twit2alsh تويتر يثبت لى يوميا انه فى الأصل كان عرافه كل ما أقوله حاجه يقوللى ما انا عارف OOoooops u already tweeted zaaaat go away,3
#Microsoft Works Suite 2003 Review http://t.co/Yie1rSSz #windowsxphomesoftware #officesuites #family,2
http://t.co/zBLtZ5MW German Federal #Trojan's got a BigBrother. #Gov spying on its people #Microsoft's 32bit/64bit #Windows is target,2
- Pasen Buenas Noches #Twitter'OFF ♥,0
#Microsoft applies for celebrity search #patent. #bing-o http://t.co/vaDvkMSk #HermanCain.co directs you to...#RonPaul http://t.co/8Qgp5J48,2
Yeni Galaxy Nexus - http://t.co/QZcbA4Bx #google #galaxynexus,2
@apple - dette blir for dumt. http://t.co/zqKMkq91,3
Уже 14 версия плагина #Android для #Eclipse вышла а подгружать апдейты для sdk в фоне они так и не научились. #Google вперде!!!,3
RT“@reimeraaron: #twitter keeps me from sleeping! #soaddicted”,0
RT @jtrezza: ¿Recuerdan que #Apple había comprado el dominio html5 .com? http://t.co/qb0pix09 pues ahora es de #Microsoft :O ¿Qué se tra ...,3
RT @Mr_Lister: Loves the new presentations tool for Google Docs - particularly themes and adding video via URL #google #sd33 #edchat #ed ...,0
E o meu #Primo @eduuaardo_ que nunca mais apareceu pelo #Twitter? Saudade de você primãao ♥,3
My #twitter age is 2 years 160 days 2 hours 28 minutes 32 seconds. Find out yours at http://t.co/3YI2oDVK #twittertime,2
http://t.co/Qewndku6 #Nokia workers ask is CEO Stephen Elop a #Microsoft mole??,2
Print Ads Dead ? Not with #Microsoft #TAG on your ad learn more here - http://t.co/vfZRTkaa,2
The competition: #Google introduces #Android 4.0 Ice Cream Sandwich and the Galaxy Nexus http://t.co/4vGGHF43,2
Changing the past and organizing the future with #Microsoft http://t.co/bYYFhtpZ,2
lo mejor de #twitter es que no tenes que esperar un monton a que carge tu foto:D♥,3
#Android #Google Galaxy Nexus http://t.co/GXVKqi6z #DhilipSiva,2
RT @NeowinFeed: Microsoft CEO says company got ""lucky"" when Yahoo deal fell apart #microsoft #steveballmer http://t.co/l5uNInSW #neowin,2
The first thing I do when I get home is either get on #facebook or #twitter. What is wrong with me?,1
Galaxy Nexus – the first Ice Cream Sandwich phone coming to Verizon http://t.co/BiPvBdxz #android #google,2
RT @codebit_org: #Microsoft convierte en táctil a cualquier superficie [ #VIDEO ] http://t.co/mKNOVBUS,3
Ishi o #faceunlock do #icecreamsandwich #android não funcionou no seu lançamento #google,3
CE-Oh no he didn't: Steve Ballmer lays into Android http://t.co/uTmHyIFD #microsoft #ballmer #android,2
RT @VLAD5564: #RT this #Follow all new music #TFB #nymusic. #newmusic #5000aday #1000aday #twitter #dipset #skullgang #730dips #byrdgan ...,2
BUILD Windows #Samsung #Slate PC in US #Microsoft Store http://t.co/bm4NeNiT #msdn #bldwin,2
Esse prof acha que ninguém sabe mexer no #microsoft word,3
ну собственно товарищи фотки интерфейса #Google #GalaxyNexus кто еще не видел: http://t.co/NS2jNRL7,3
This nigga need to go to #Twitter Jail,1
U-Village store fits Microsoft consumer strategy http://t.co/OyGo65p1 #microsoft #Technology,2
RT @stalkertard: hey @apple how about if IPhone4S = ""IPhone 4 Steve"" and you donate a small portion of the proceeds towards cancer rese ...,2
Find & give information about software bugs & help improve #Microsoft products. Apply to become a #Beta Tester http://t.co/OSWEfixz #ITPro,2
@CriistianZepeda oyendo musica chat & en #TWITTER,3
Will the #Galaxy #Nexus be coming to #Sprint? No mention of price carriers or source release for ICS. Give us those info #Google!,2
@Juanbatero1 puchis apareciste en #twitter voss.... q onda...q congelada la q me estoy dando vos...,3
@JenWeedin listen here @ShaunaWalters8 is new to #twitter and needs practice. support her here brat! #goodsamaritanswag,3
#Twitter off! See ya :D @justinbieber Love u and have #SweetDreams. ♥,2
Disappointing visual merchandising @apple. Simple but lacks elegance. And sequence doesn't even tell us about #Siri. http://t.co/XV2q3gfi,1
Trying to identify a #constantcontact expert - anyone on #twitter?,2
#Google+ great for small businesses? I think so. The platform has some really beneficial features. Thoughts? http://t.co/FytcyEG2,0
RT @InternetBH: #Microsoft shows 'touch screen' for any surface http://t.co/rT9g3pUH,2
RT @vattam: Man! I've fallen in love with Galaxy Nexus! #google #samsung #galaxynexus #android,0
So apparently @apple put MB cap on your SMS with the new update. 25mb storage before it tells you your inbox is full. What is this 2001?,1
No sé que haría sin #Twitter. Bueno sí probablemente mis tareas. :),3
solo #google puede ponerle a un OS #IceCreamSandwich,3
#android 4.0 нужен #google чтобы объединить телефонную и планшетную версии в одну.,3
RT @laiswhisky: @Peedro_Guiih gato intenda a nat é a metamoforse sorridente. . . . . .ela nao intende ela joga tudo no #google,3
#Home #Depot Gives #DIY Shoppers More Tools to Get the Job Done http://t.co/K4zeZSin #Distribution #VMI #homedepot #Microsoft #WindowsPhone,1
#Google #Samsung unveil Galaxy Nexus phone running #Android 4.0: Google and Samsung… http://t.co/vOGTb5Bx,2
RT @EverettColdwell: @SusanFelicity One really good thing with #twitter is that most people appear to be on the progressive left socia ...,0
@bidmyway I like your app for the @apple iPhone very simple and easy to use!,0
#CHISTE : EN QUE SE PARECEN LOS PITUFOS AL #TWITTER ? R= EN QUE LOS 2 TIENEN EL PAJARO AZUL XD,3
#Microsoft CEO Steve Ballmer on Not Buying #Yahoo: “Sometimes You’re Lucky” http://t.co/RI8HUaLD #uncategorized,2
#Microsoft Geleceğin Teknolojisini Araştırıyor! http://t.co/J45Gm98h #haberleryorumlar #arayüz #kamera,3
My #twitter age is 1 year 19 days 13 hours 37 minutes 17 seconds. Find out yours at http://t.co/XhRUA9Dz #twittertime,2
""Kanye West has added you to his circles."" yeah right. #galaxynexus #google #ics,2
CAN SOMEONE EXPLAIN TAGGED TO ME LIKE DONT GET MAD AT ME CAUSE #TWITTER AN FB MY SHIT!!,1
Google Ice Cream Sandwich - sounds yummy! What do you think? http://t.co/gMsgXcq8 #google #Android #ice cream sandwich,0
dear #google & #samsung... learn some presentation 101 first. please.,1
ツイッターを利用して感謝の気持ちとともに約２０００円が振り込まれ続ける方法→ｺｺ→ http://t.co/TyjUGsnQ ←ｺｺ← :) #ビジネス #稼ぐ #副業 #Twitter #ツイッター,3
#Adomani #Twitter,3
TechNet Blogs- Technical Overview of #DuetEnterprise for #Microsoft #SharePoint and #SAP http://t.co/o9V1J49v,2
""You don't have to be a computer scientist to use a Windows Phone "" said #Microsoft 's #SteveBallmer ""but you do to use an Android phone."",2
#Samsung #Galaxy #Nexus hands-on (video) http://t.co/9MNNerc5 #mobile #android4 #galaxynexus #google,2
Too bad #google didn't have a tribute graphic for #DennisRitchie.,1
#MIcrosoft Launches Reseller RewardHub for Resllers http://t.co/scPUl9Yz,2
Goodnight #Twitter.,2
RT @x_JustLucky_x: I don't know why I even bother checking FB anymore. I stare for two minutes and just log off lol #Twitter&gt;Fb,1
@mashable @apple iphones r 2 expensive. Most went w/ htc/galaxy. No customer loyalty w/phone comp..,1
Steve #Bullmer says it's hard for him to get ecited about #android phones...even though #Microsoft makes loads of money off of their sales.,1
could @apple lion please integrate vertical spaces in mission control. this horizontal business is making me nauseous,1
Niemiecki rząd uruchomił w środę własny kanał na YouTube - Wiadomosci 24: Niemiecki rząd uruchomił w śr... http://t.co/n6Wp2QZv #twitter,3
Casa de herrero cuchillo de palo!!! http://t.co/tfy71a #DCE2005 #Microsoft &lt;= Como NO manejar errores!!! Link: http://t.co/89Cr2tm,3
#Novell wärmt alten Rechtsstreit mit #Microsoft auf | ITespresso.de http://t.co/JBUyD6ou,3
Going to the @apple store today to get this laptop situation figured out,2
Ecelente. Proimo cel? RT @Giuliano3G: Presentanción #Android 4.0 y Samsung Neus Prime - http://t.co/8l9vzqgn #Google. (Se jodió #iOS5),3
Querida @mamá te escribo esta #carta para dejarte tranquila no estoy todo el tiempo en #Twitter. Fav para papá y un RT para ti.,3
RT @remcovandenhout: Meest comfortabele Touch area voor tablets volgens onderzoek #Microsoft #augnl 2thumbsUp http://t.co/yPeRGaf1,3
#Microsoft knows how to kick off an opening but I don't quite see the #edge for Windows Phone or their tablets #iSorry http://t.co/9DdN1w,0
RT @sanjeevgadre: #Ballmer says that #Microsoft dodged a bullet when it failed to acquire #Yahoo in 2008 | Wish 1 of my e-employers was ...,2
Samsung And Google Announce Galay Neus http://t.co/I6r95gK #samsung #galay #neus #google #android #ICS #news #tech,2
Does anyone out there have some good online training or tips on using InforPath 2010 to build forms with rules? #Microsoft #SharePoint,2
#Microsoft headquarters tomorrow! #Blogalicious @beblogalicious,2
@matheusdcb Me segue de volta Matheus ajeitei meu #twitter hj.,3
Great post on the upcoming Great Tech Wars of 2012! @amazon @apple @google @facebook http://t.co/OSeqhT7W via @cbillich,0
In less than an hour my post- #iOS5 iPhone has gone from 100% to 73% battery charge and the @apple store folks have no solution for me :(,1
RT @twandroid: Editeur de photo maintenant : redimensionner .... (ce qu'on avait déjà vu) #google #neusprime,2
Nokia employees still worried that Elop is a Microsoft mole http://t.co/n4Cpu3vj #microsoft #windows,2
@Ladycamia @JewelSantini check out that link sis - some good stuff on #mindfulness #medidtation techniques on #google - jewels swears by it!,2
Two more hours for SALE!! http://t.co/VqueOskE #ebaymobile #ebay #sale #mac #office #microsoft #apple #2011 #original #new,2
#FB no es mi amigo por eso mejor #Twitter al menos ahorita,3
RT @Charlielace: Instead of updating your #Twitter why don't you update your life!,1
Well I'm kinda really #bored right now.... time to waste some time reading #quotes on #twitter,2
New Blog! http://t.co/ENCSF1Ju @VerizonWireless @Motorola @Google @Apple #Android #DroidBionic #iPhone4S #4GLTE,2
Mii #Facebook Es Vanezíítha D' Yeycle Y Mii #Twitter VaneziithaMrz Agregenme Y Siganme!,3
@waze_it @macneo Bellissimo video. Sono sempre più convinto di prendere un @Apple iPhone e gettare via il @Nokia N97 che mi ritrovo.,3
Lunch today: 19.00 Eating it at #Microsoft while attending #VSLive? Priceless.,0
#Microsoft lanza sitio oficial de #Skype http://t.co/c3kGqpyR #JeryTecnologias #tecnología,3
Our trip to SF and Silicon Valley is about to end. Visit @Apple HQ is one of the final stops. http://t.co/ikoOqdoc,2
Vuelvo a el #Twitter hasta el 07/11/2011 by _ @LLLF_,3
Editeur de photo maintenant : redimensionner .... (ce qu'on avait déjà vu) #google #neusprime,2
Deep Linking Plugin - Black... http://t.co/RnF3cNu8 #seo #search #google #hack #sem #it #business #web #marketing #online #yes #hot #winning,2
#Noticias : #Microsoft lanza sitio oficial de #Skype http://t.co/v5fAsqId,3
#Microsoft #Cloud Windows Intune: Microsoft Offers Cloud Partners New Incentive ...: ... calendar year whi... http://t.co/ufI0YlL7 #TCN,0
Smashed yet another #iPhone screen. When are @apple gonna make the phone more durable!!! Tired of fiing it myself!!!,1
#Microsoft's #SteveBallmer attacks #Android phones ..... well #windows7mobile is gay you metro! http://t.co/sQnE1iLb via @Telegraph,1
RT @twandroid: Consommation data affichée dans les paramètres avec même une approimation de la consommation future !#google #neusprime,2
Ppl emphasize to make thyself look greater then they are! #twitter!,2
@apple @internode #icloud #ios5 #piracy omg no wonder ive used all my downloads!!,2
#twitter that's wassup ! lol!,2
#Microsoft Research shows #Holodesk - looks like science fiction but is science fact http://t.co/vv6ltkYp,2
RT @RoycinD: FINALLY ! Power + Volume = Screenshot. No more rooting required! #Google #ICS #galayneus,0
#Microsoft CEO Steve Ballmer on Not #Buying #Yahoo: “Sometimes You’re Lucky” http://t.co/uyDNZ4r0 #mcommerce #business,2
The Perks of Working at #Google #Facebook #Twitter and More [INFOGRAPHIC] http://t.co/0KcgbMWF #sm #socialmedia #redessociales,2
Ben ik de enige met serieuze bedenkingen? #Howest wordt proefschool (konijn) voor #Microsoft Office 365 http://t.co/s2GGPb0G,3
Just googled what it means if your eyelid twitches. Answer: your tired. I think its time for bed...thanks #Google,2
“@Simon_townsend: #Microsoft tests and proves #AppSense enterprise scalability! 78K users on one personalization DB - http://t.co/gyGE5SCa”,0
@Dropbo balked at acquisition by @Apple. My apps thank them. :) http://t.co/VsYPl9u,0
@PorzelinCako jaja yo tmb esoy como @maffer_rdz como no tengo ni perro ps minimo #Twitter jaja,3
Warum steht bei @anked eigentlich ""ehemalige #Microsoft Managerin"" und nicht ""Zukünftige #Piraten Stadträtin""? #AnneWill,3
Ohemgee. Be a follower..... #twitter,2
RT @kvo: Smart as hell. The Great Tech War Of 2012 (@fmanjoo / @FastCompany) http://t.co/iJYUoHZ Fab Four: @apple @google @amazon @fac ...,2
@mnoo_ana @g6wa1998 Etha Nim. w blyala tbon #twitter :p,3
Looks like @Apple did not appropriately project the resources needed for Siri. Not very reliable,1
Put your twitter on autopilot and let it gain followers for you!! http://t.co/hze1TqAl #TeamFollowBack #Twitter #autopilot #1000aday 18,2
A espera acabou. #Samsung parceria com o #Google o novo GalayNeus nesta terça-feira (19) em HongKong. O Android 4.0 Ice Cream Sandwich,3
Hey @Apple when did you hire @TheRock to tighten the screws on the bottom cases of your MacBook Pros? #Ouch #NiceHire,1
#Microsoft Ecel Tips: How To Alternate the Color Between Rows #tips =http://t.co/WJWREFjJ,2
we are authorized test center PJ Selangor for IT #eams (#Cisco #CCNA #Microsoft #MCSE Red Hat #RHCE etc.) http://t.co/16LPfctH,2
The one #iphone feature still missing since @apple first showed it.. Contacts pictures on the contacts list! Simple yet 5 major updates miss,1
Vous voulez la une de LNT ? La nouvelle tribune de demain 20/10/11: #intikhabates #PJD #PPS #MoroccoMall #Boeing #Microsoft...,2
Hoy #MiDia #Facebook #Twitter #Noticias todo ha estado super divertido y acelerado ¿Qué estará pasando?,3
Siri keeps trying to send me to escort services....is that legal? @Apple,1
So #Google #Droid is built (in part) using the bouncy castle C# api. C# is a Microsoft programming language. +1 for all you #Linu Fanboys,0
hmm that should have read 'the milky white film of busyness' :D #vs2010 #microsoft,2
RT @ricklennie: Un vistazo a Windows Server 8 http://t.co/BmcJLgDV #Microsoft,3
El nuevo #Android de #Google: #GalayNeus con #IceCreamSandwich 4.0... http://t.co/FITenr0v,3
#Microsoft chief admits lucky escape from buying Yahoo! http://t.co/OqL8Wqh,0
6 positive Learnings aus dem Panda-Update ... http://t.co/JEgkwrDR #panda #seo #google,3
GoodNight #Twitter:),2
2pi ou pèdi onè ak respè ou so ou pap janm jwn li ankor kelkeswa app ou genyen an #Mac #Android e #Microsoft c menm jan ak Vijinite'w #manzè,3
RT @Leahjanell: This Moment w/ @Shyah & @DianiGroves is brought to you by @NBA @Apple @Riesling oh and http://t.co/Dp4iDs2,2
AsiaClassifiedToday: Parkson to list retail arm in S$200 mln Singapore IPO-source - Reuters: Parks... http://t.co/AadDaQA7 #asia #google,2
So viel zum Thema Retina Display :D Respekt an #Google und #Samsung Super Amoled HD in 1280720 auf einem Phone ist krass :D #GalayNeus,3
goodnite #twitter (:,2
Night at the Robury with Gates and Ballmer http://t.co/RSZAL40S #funny #video #gates #ballmer #microsoft,2
#Twitter Off!,2
RT @ThatTechGuy92: LITERALLY HAD MY MIND BLOWN AWAY JUST NOW!!!!! #Google #Samsung,2
android beam って何だろう #Android4.0 #Google,3
#Microsoft's First Global Multi-Product Holiday Campaign http://t.co/6nUFdiBN,2
Unwrapping Ice Cream Sandwich on the Galay Neus http://t.co/9IvTJkit #Google,2
New Galay Neus: OS Improvements - Stacks & Scrolling introduced for widgets for richer content #samsung #google #android bit.ly/nEJbyE,0
Where is my iPhone!?!?!?! @apple,1
I want everybody on earth to iMessage me. Is there anyway the world can iMessage me without giving them my phone number??? @Apple,2
http://t.co/CvEKdOIQ line at @Apple northpark #dallas mall. #4GSiPhone,2
Es todo por hoy....#twitter off =),3
Nouveau layout pour la Galerie qui est en forme de magazine #google #neusprime,2
This is the first time I've been unhappy with any @apple product... Disappointed and the Internet seems as confused as I am right now.,1
@Apple Would much rather get outta this having a ( see pic ) and have fun with this "" Have your friends choose music"" http://t.co/7IiHbr4J,2
#Microsoft #Cloud Infosys kicks off its cloud drive with Microsoft partnership: Infosys has accelerated its... http://t.co/utU4mwjK #TCN,2
Creo que hoy es mi ultimo día en #Twitter,3
Virage Success Story - Harvard Business School pdf ebook: http://t.co/JemEYNDb #google,2
Google is rolling out a suite of new changes to its Google Docs service including 50 new features for ... http://t.co/3j4Vd8WF #Google+,2
As tribute to Steve @apple i'd consider renaming #Siri to Steve - he'll get your #Jobs done! Forever remembered for his legacy.,2
@Omardelos @RonaldElApostol Hace un tiempo q el varon tira su rema 1117 aqui en #Twitter :D,3
Smart as hell. The Great Tech War Of 2012. http://t.co/0O1CfCIZ Fab Four: @apple @google @amazon @facebook via @kvo #mustread,2
RT @developerprog: First @Apple #iPhone #4S sales smash all records. http://t.co/cBevF7h,0
Ballmer: We’re beating Google in the cloud http://t.co/YFAmguRF #ballmer #google #microsoft #cloud,2
AsiaClassifiedToday: Canada Wheat Monopoly Software Piracy Swaps Rule: Compliance - Bloombe... http://t.co/2PylmiMs #asia #google #ads,2
Totally unproductive day with no access to #Microsoft Excel or Word aaargh! Will be working late tonight after hubby fixes. #fingerscrossed,1
Una video intervista con la #Microsoft per ""il protagonista dell'innovazione sei tu"" :-) http://t.co/hIgNHuTR,3
#Google (and #Twitter ) get ready for the debut of #IceCreamSandwich http://t.co/T36KZ6gf,2
Installing the Ice Cream Sandwich SDK #android #google,2
ok it is back @iphone @apple,0
Shout out to my man @swaggination for reaching 1000 tweets #twitterswag #twitterdeity #twittermilestone #twitter #twitter #tweets,2
Wie gut dass #Google beim #Nexus und #Android4 den selben Fehler macht wie #Microsoft. Konzentration auf Spaß nicht auf's Business ... ^.^,3
@nachogoano tiene 146692 seguidores a la masividad de #twitter es sorprendente.,3
RT @mlucia187: Atrum es TT!!!! Jajajaja!!! Q buen nivel el de #twitter esta noche!! Gracias por existir #ElElegido :),3
Demasiado #Twitter por hoy nos vemos #TwitterOff,3
Nadie es tan lind@ como en la foto del #twitter y tampoco tan feo como en la foto de la cedula...,3
@iley_little we'lll figure it out tm in gym #google,2
""@MuraineR: #Microsoft launching the OmniTouch how funny I though that was an @ALUEnterprise solution! #copyright http://t.co/k1kDqz04,1
@MsTapoutBarbie Yep figured my shit is jacked. Dammit #Twitter!!,1
Not Bad! @Apple Sells Over 4 Million #IPhones in Debut Weekend - Bloomberg http://t.co/AVSl3ygU - #smartphone #sm RT @VinodRad,2
#Microsoft lanza sitio oficial de #Skype http://t.co/DdKFEWQb visto en #Bolivia,3
#Microsoft dirà che #Google ha usato il brevetto dell'animazione del cerchio?! | Google Presentations New Version http://t.co/vmzshHUQ,3
White Paper: EMC Automated Performance Optimization for #Microsoft Applications http://t.co/aIK3EjWT #EMC #powerlink credential needed,2
#Ballmer says that #Microsoft dodged a bullet when it failed to acquire #Yahoo in 2008 | Wish 1 of my ex-employers was lucky like that 2,0
·Bueno """"#twitter #OoF q paSen Buenas nOChe...!! @rubioCoTiZe #Acuerdese ya tah buenOh haha xD,3
So much garbage. #Twitter,1
Gotta say the @Apple itouch iphone shuffle etc.. sound quality is AWFUL.. painfully crap. Its been a downgrade from @Sony sound quality wise,1
With #Google internet TV I can read my Twitter account while watching #CNN,0
@bxlewi1 hey...do you know why @Apple hasn't added 4G support yet? Seems like an odd omission for such an advanced device.,1
#Microsoft #PowerPivot gives users the power to create compelling self-service #BI solutions. #infinitywebinar,2
Okay..I feel slightly more connected to the world and have put #facebook and #twitter on my #blackberry..its not the same..but it helps,0
Posting on #twitter about #google+ suggesting I add Tom from #myspace I think the universe just exploded. #justsayin,2
Twitter intègré dans ios5 mais le correcteur français ne connaît pas ce mot et propose titrer... Peut mieux faire comme intégration @Apple,1
Karate kid skittles and cranberry juice. Goodnight #twitter,2
RT @twandroid: Partage d'apps en NFC #google #nexusprime,2
Save me from #HP's unwanted OS! Help me buy an #iPhone! I have seen the light! #lol http://t.co/8gUP9Acz #backchannel @apple,0
If @apple doesn't fix iOS5 this week I'm buying a droid #emptythreats,1
Okay #Twitter it'd be muchhh appreciated if you could start working on my computer soon.,1
#Win an @Apple iPod Touch from @Mommy_gaga get the @Pampers Hello World Baby Memories App! http://t.co/I6woujUh #PampersHelloApps,2
@KaeKaed @Apple Here is an easy way to put Newsstand in a folder http://t.co/yVXmWIbI,2
#Tecnologia sabias que #twitter genera 250 millones de publicaciones al día http://t.co/CA2dK0xH,3
Hace tiempo:: Según Microsoft Firefox es spyware http://t.co/UnFkqPaJ #Firefox #Microsoft,3
#twitter goin hammer,2
#Android #Google Galaxy Nexus Site is Live: Register and Relive the New Features http://t.co/7llRSpUO #DhilipSiva,2
@SusanFelicity Many people pay little attention to important issues. I strongly believe social media like #twitter is changing this.,0
@Apple MacBook Air.. satiliktir.,3
#Microsoft researchers want to turn your hand into a touchscreen: http://t.co/UoPSyLTO | #Institute #University #accuracy #applications,2
How to use search folders to organise your emails in #Microsoft #Outlook - http://t.co/NuMm5N3U,2
My scrolling thumb keeps falling asleep on me.... making me unable to aimlessly browse #twitter..☹wahh oh no #endoftheworld #addicted,2
ICS #android is going to kill both Mango #wmp #microsoft and #rimm. it already killed webOS and Nokia OS...,2
Ice Cream Sandwich is out! http://t.co/YyceZpDy #android #ios #ics #google,2
New Arrivals and 70 percent off Clearance of Matching G http://t.co/qQcwyl4b@Lds @Scriptures @Apple @E @Book,2
#twitter #detik Hakim Imas Menangis Ikuti Sidang Perdana - Hakim Imas Dianasari tak kuasa menahan air matanya saat d... http://t.co/G3wgjL6R,3
They need to talk about the battery life impact of #AndroidBeam. It can't be good news. #Google #Android #ICS,1
Bueno y ya dejen ese ""trasteo masivo"" de frases de #twitter al #facebook ... CREATIVIDAD GENTE! . CREEAAATIIIVIIIDAAAD !,3
#Microsoft Turns Your Body Into A Touchscreen @PSFK: http://t.co/GMT9sLfN via @AddThis,2
Yooooooo #twitter ! @NowThatsBASIC_ is the new #AmberCole who wanna go 1st ? ayyeee she does this shit for a living .,2
Learn how you can now upload SRS reports to #Microsoft CRM 2011 Online. #CRM2011 http://t.co/RrcF9W2V,2
#Microsoft lanza sitio oficial de #Skype http://t.co/arqlW58x desde #Bolivia,3
Y pues ya me voy a dormir... Comper se quedan es su #Twitter !!,3
Der langsame Tod von SEO?? #Google -Suche für eingeloggte User verschlüsselt - http://t.co/1Gop6W4r #socialmedia #marketing #search #seo,3
Laundering Ari's iPhone not my finest moment. But after drying in bag of (organic :-) rice for 4 days it booted up!!!!!!!!!!! @apple,0
Does Ice Cream Sandwich have a ""private browsing mode"" for you know ""me time?"" #google #android,2
The competition: #Google introduces #Android 4.0 Ice Cream Sandwich and the Galaxy Nexus http://t.co/PCu88z7j,2
#Twitter will you please fix this RT problem?,1
#Microsoft shows 'touch screen' for any surface http://t.co/X7Z87xzt,2
Tem acompanhando o #MSPTechDay ?Então não perca no próx sáb 22/10 na sede da #Microsoft palestra sobre #WP7 Inscreva-se http://t.co/zNpyaD5F,3
#Google Wallet now supported by seven new retailers [video] http://t.co/LCrWw4ld via @BGR,2
RT @Startpack_ru: Ребята из #Microsoft рассказывают разработчикам #Стартпак как можно интегрироваться с #SystemCenter через веб-сервисы ...,3
AsiaClassifiedToday: ITB Asia opens in Singapore - eTurboNews: eTurboNewsITB Asia opens in Singapo... http://t.co/vlL4NZc6 #asia #google,2
@TheRealJedaD If her name ain't #Twitter then ur not bcuz u been on here for a minute goin HAM...lol I'm Just Sayin!!,2
#twitter #detik Ali Imron dan Imam Samudra Survei Paddys Pub http://t.co/otUl1ujQ,3
RT @twandroid: Widgets scrollables comme sur Honeycomb #google #nexusprime,2
#Microsoft @ ISB... watching the new windows 8 in action...pretty impressive! Finally a contender to mac os.. Interesting battle in store,0
Puta! No se por que traje los cuadernos para estudiar a la cama si sigo en #twitter #OhShit! T_T,3
#Google eBook: The way we shop is changing and marketing strategies are simply not keeping pace. http://t.co/vJBBjWhE,2
POLL: http://t.co/tZBleGaQ Q:Should @Microsoft consider making its own hardware for #Windows like @Apple does? #Microsoft #Windows #Appl ...,2
@Blackberry & @Facebook U R really about to make me throw this @Blackberry in the trash an get an @Apple iPhone! @Facebook upload issues!,1
#Google unveils next iteration of #Android - #icecreamsandwich - with several revamps incl facial recognition security http://t.co/xMrZVkav,2
ツイッター検索 #minsyu - モバイル版 http://t.co/EsyvJ7Q7 #twitter #検索結果,3
RT @ajrogers Purdie Rogers tribute to #SteveJobs and @apple. We spray painted the Macintosh Plus w.. http://t.co/AlDicTd1,2
I'm nowhere near to be a scientst but thks to Steve Balmer 4 declarng me a scientst. Been using #Android frm last 3yrs. #Microsoft #Google,2
#Microsoft word works on my computer again! Yessss,0
#HTC Arrive #Windows Phone (#Sprint) Review http://t.co/CdkPyjZV #windowsphone7 #xboxlive #mobile #cdma #microsoft,2
#Smartsite prijsmodel voor #Microsoft #Azure cloud afgerond. Volgende week eerste site live in the cloud?,3
@cloudnewsindia The War of #Email #Cloud Computing: #Google vs. #Microsoft http://t.co/zu9pSwSG,2
cc @apple http://t.co/8TnodVS8,2
Ballmer: #Microsoft Beating #Google in the Cloud - http://t.co/rfiaNud0 via @gigaom,2
RT @iancollinsuk: Apple have just announced they sold 4 million phones this weekend. Incredible. That recession continues to bite @apple ...,0
Let's go see what is trending on #Twitter tonight?,2
Dr. Ogalinski - El Proyecto #OmniTouch de #Microsoft: todo el mundo es un touchscreen http://t.co/qzt26Gj8,3
Should #Microsoft and #Google design their software for mobile devices with two screens?,2
Wauw.. Enorm inspirerende dag gehad op het #Microsoft kantoor over #socialmedia en #erp. Dank aan @JudithEva!,3
#SIGSource Dawn Evans interviewing #Microsoft's Tim McBride in SIG's Inside Source exec video series. In a new role in financial operations,2
Únase el Martes 8 de Noviembre a las 11:00 am EST al evento de lanzamiento de #Microsoft #Dynamics #AX2012 para latinoamérica,3
#Microsoft Steve Ballmer speaks at Web 2.0 Summit in San Francisco: http://t.co/awtf2xJW #Bing #Android #Google #Apple #Amazon,2
http://t.co/Pl4ZeEvH - Android 4.0 SDK now available #google #android http://t.co/sVlrVxTR,2
You need to ask #Siri her favorite color and the average speed of an unladen swallow. Seems Someone @apple is a Monty python fan,0
Why didn't @Apple merge the address and search bars in Safari ala Crome in iOS 5? #simplethings,2
@Apple's Siri is witchcraft. What's next @googleresearch. 2 yr lead lost?,1
Looks like @thekiranbedi did something but not trending on #twitter? why?,2
Com 250 milhões de mensagens diárias Twitter cogita pagar por tuítes #Twitter http://t.co/sucRDj5Y via @idgnow,3
Laying down on my bed and I'm on my favorite app. #twitternation #twitter &gt; #facebook,0
So @Gizmodo @TechCrunch -- answer the question we really want to know -- ICS + Nexus vs. iPhone 4S? #Google #Apple,2
DAMN!!! #Galaxy #Nexus #Google #Android http://t.co/DL3cNtEU time for me to upgrade my Nexus S xD,0
how come when #google talks about their #android camera app it's boring but when #apple does it's ZOMG!!!1,2
RT @ZekiBildirici: #pardus SecureBoot'a Karşı Duruyoruz!: http://t.co/Uiwn6fgQ #fsf #secureboot #linux #microsoft,3
Twitter reconoce el éxito de los tweets patrocinados y prepara nuevos formatos publicitarios http://t.co/CkQiNbQb #twitter,3
En daar gaan we weer: *pakt vergrootglas erbij* zoeken naar die leuke nieuwe collega! http://t.co/jy7fBeID #vacature #microsoft,3
""#twitter's dumb I don't like it."" Hush up Justin.,1
@rygurl you need an @apple iphone4S with Siri!,0
Nouvelle gestion des onglets sur le navigateur #google #nexusprime,3
Can an algorithm be wrong? #Twitter Trends the specter of #censorship and our faith in the algorithms around us http://t.co/3NxZT7hd,2
Muito rapida essa velocidade de captura de imagens da camera do Galaxy Nexus #icecreamsandwich #galaxynexus #google #samsung,3
EIndelijk #Google Ice Cream Sandwich. Goodbye #Microsoft and #Apple!,3
Great live contact management quick contact card add people directly to.your home screen #Android4.0 #Google,2
Why doesn't the Genius have songs for Watch the Throne yet? HUH? @APPLE ?????,1
Feliz por mi nombramiento #Microsoft Student Partner Nicaragua :D a trabajar por el desarrollo tecnológico de nuestra patria Nicaragua #fb,3
Casi 30 años usando PC de ellos casi 4 Mac y tengo q decir que el Macbook Air 11"" de @apple es de largo lo mejor. No imagino como mejorarlo,3
@Cyruss1989 @wpcentral I think they're referring to the obvious partnership between #Microsoft and #Nokia aka #Bing and #Navteq.,2
Welp. RT @Tree @Apple you didn't fall too far from me huh? RT @NikkiNotNiki Nia Long's mom is gorgeous..,2
here comes facial recognition! Face unlock #icecreamsandwich #googland #google #android #ics,2
Tengo que estudiar para mis expos de mañana pero no... yo en #twitter,3
#Microsoft CEO #Steve_Ballmer on Not Buying #Yahoo: “Sometimes You’re Lucky” http://t.co/YgISO7xt,2
Discount Hemp Knots today.Cheap price too.Save money for best Hemp Knots. http://t.co/9H3jopLq@Avanti @Apple @Peeler,2
Pederčine umobolne oću APDEJT ne FORMAT SVEGA ISUS VAM JEBO MATER @apple,3
Estoy dando clases de #twitter @jasaro10,3
Hi @apple. Household has 4 iphones 2 ipads 2 minis 2 apple tv AirPorts Timecapsule +. Whats a usable iPhoto sharing setup? /cc @maddox,2
@SteffiSavillon Hahaha aplicando el buen #Twitter para las buenas tiraderas!,3
#twitter off!!*,1
#nomames esta bien frio el #twitter casi NAIDE twittea xD.,3
116 new #jobs posting for #google http://t.co/XfG6l29D #jobely,2
#ICS"" putting people at the heart""? You have GOT to be joking #Google. Now even copying slogans? Ah I get it THOSE are not patented ;),1
I wanna make the goose bump on your inner thigh show #twitter after dark ;),0
#Android #Google Ice Cream Sandwich Feature Closer Look - Redesigned Lock Screen And Virtual Button Bar http://t.co/FqsPN4An #DhilipSiva,2
#Twitter timeline and mentions up the shit :(,1
Dear #Microsoft I should only have to hit the Windows update button *once* when manually running updates not 4 or 5 times. #sysadmin,1
According to a writer at @ExtremeTech #microsoft invented squared corners. Time for lawsuits! #moron,1
#Android #Google Samsung and Google introduce GALAXY Nexus http://t.co/KkuepMVW #DhilipSiva,2
¿Piensas lanzar tu propio emprendimiento? #Microsoft te acerca los mejores recursos tecnológicos. http://t.co/EBswmyUi #SoloPensamosenTI,3
Funny how #samsung didn't have the #facebook app on their #galaxynexus demo but instead had #google+ LOOL.,2
@apple pls launch #Siri on iphone4 .. Disappointed after spending hours for upgrading to iOS5..,1
@Twitter CEO @DickC on @Apple Privacy Free Speech and @Google; Far From IPO http://t.co/ztq9Sx7x,2
Just saw my bud @EdMaguire of Credit Agricole Securities interviewed by @TylerMatheison @CNBC covering #Microsoft. You rocked it Ed! #fb,0
#skype is ruining the friendship with your aggressive #microsoft type selling. If i need something i'll ask. Thank you...,1
Ballmer On Not Buying #Yahoo: “Sometimes You’re Lucky” http://t.co/7ButjnVO &gt; most interesting part = nascent #Microsoft cloud leadership,2
Waited in line for nothing fucking genius @Apple called an app for ""John"" not ""jean"" stop fucking up my name im not a French boy. #PCam ...,1
Did a quick video call test between two diff. #Android tablets using #Skype & it worked great! #Microsoft hasn't broken it yet.,0
Microsoft turns your body into a touchscreen http://t.co/j1T6kHgP #Microsoft,2
#Microsoft We support you. Retweet if u support us or want to.,0
@obsexxed69 got one of the dopest blogs on #Twitter and #Tumblr...#RealTalk,0
Ways in which you can use #Twitter to your professional advantage http://t.co/E3xK1w67 @writeychap,2
RT @FucknWithFatty: #Twitter needs to get their shit together cause they fucking up! I'm not getting my RT's or mentions. -______________-,1
Calling All #IceCreamSandwich Lovers | #Google & #Samsung Like in Hong Kong - A new look at what's new from Android http://t.co/DGGsNOh2,2
Yahoo Profit Drops 26 Per Cent! http://t.co/Jd3X8SGM #yahoo #microsoft,2
So what is behind that giant silver door at the @apple store? #MacLife,2
RT @Porter_Anderson: ""3 principal global players will be active in every market...@Amazon @Apple & @Kobo."" #fbf11 #publaunch @MikeShat ...,2
y ustedes se ga ga ga ga cuando el mago les manda por #Twitter,3
“@rianru: #Google и #Samsung представили новую версию операционной системы - Android 4.0 Ice Cream Sandwich http://t.co/4XkmSFs0” Еще борщ!,3
Samsung и Google представили новый смартфон Galaxy Nexus http://t.co/ou1aoGK6 #google #nexus #android,3
@apple has changed life.,0
Mention #Twitter and get a Pittsburgh HVAC and Electrical systems Checkup for $129 Contact http://t.co/KI7JJulI,2
Now @apple won't let me use credit on @iTunes unless I have a credit card. Should have told me when I redeemed the cards. Sound fair to you?,1
@apple #iOS.5 has been nothing but a pain in the ass no room for my music.. Or photos.. Or apps! Can I undo this garbage??,1
Use Caution When Sharing on Social Networks http://t.co/SXNoBASn via @LarryMagid #youth #facebook #google+,2
#google must b having sum underlying reasoning 4 naming products after eatables #eclair #gingerbread #icecream #rawadosa #android,2
Consommation data affichée dans les paramètres avec même une approximation de la consommation future !#google #nexusprime,3
Like traditional VC firms Google Ventures makes its investment decisions solely ... #google #ventures #spencer http://t.co/TBGqSFos,2
""Samsung and Google have closely collaborated to push the mobile experience forward. We are pleased to ... http://t.co/ecT8fYIA #Google+,0
#Android #Google Official Galaxy Nexus Site Goes Live Highlights Ice Cream Sandwich And Galaxy Nexus... http://t.co/4ijvupvq #DhilipSiva,2
@chriswglowe @apple @gadgetlab you can tell me tonight ;-) cracking open the vodka tonight if you fancy ?,2
RT @lcashdol: Too bad #google didn't have a tribute graphic for #DennisRitchie.,1
RT @ShawnWildermuth: OMFG: http://t.co/Rit4WJq3 #gates #ballmer #nightAtTheRoxbury #microsoft,2
http://t.co/VgMYdlDS found article on http://t.co/UAWHbOLz Fake #Microsoft scammers lure users into #granting remote access to PCs,2
Im Chillin Man Trying To Stay #Humble Its Just Hard When Niggas Hatin And Pump Fakin Via #Twitter,2
Guess what I spotted a couple days ago... didn't expect to see one especially in the West Village #Google http://t.co/Xop25kvU,2
RT @DanyFajardo: @DanielaS04 :) eso!!! #Google+,3
Plan Carrera #microsoft technical:Certificación desarrollador y diseñador apps empresariales #visualstudio2010 http://t.co/cVd2b2Rz Gratuito,3
If #Microsoft earnings disappoint blame consumer PC sales - http://t.co/edXe0xBd via @cnet,1
Juelaa de verdd qe si me ahce fata #twitter,3
Mmm... #SmarterPhone RT @Android: Introducing Ice Cream Sandwich the delicious new version of Android: http://t.co/AXl2K1Gs #ICS #google,2
RT @twandroid: Le baromètre est inclus dans le Galaxy Nexus #google #nexusprime,3
@msleamichele @NayaRivera @DiannaAgron @MsAmberPRiley please could u somehow convince #hemo to join #twitter we need her awesomeness!! #glee,0
#Microsoft HOY What’s Next Stream: Windows PC http://t.co/2MQ0I0Cm ➨ @MicrosoftLatam,2
@mpeagler http://t.co/1EYtmczJ @GetGlue #Twitter,3
Awesome documentary about how apple was created.. #stevejobs #apple @apple http://t.co/Qetk8ds2,0
When #Microsoft ""violated U.S. antitrust laws""—leaving #Netscape out of business & #Novell wounded—it played ""dumb"". http://t.co/0WHHmAK4,1
Put your twitter on autopilot and let it gain followers for you!! http://t.co/hze1TqAl #TeamFollowBack #Twitter #autopilot #1000aday 25,2
#Google / #Samsung #Galaxy #Nexus #ICS press release is now done I'll go back to my regular tweeting intervals now :) I WANT IT!,2
#Microsoft portiert #Enterprise BI-Apps auf iOS und Android | ITespresso.de http://t.co/XUEPaaR2,3
Messagerie vocale directement dans ICS #google #nexusprime,3
La visión de #Microsoft Research sobre el control táctil de dispositivos. http://t.co/zjlsx90P,3
@.brown45235: vibro http://t.co/uoIfnklJ #gnu #gome #google #hadopi #health ... http://t.co/V690lfLS,3
#twitter and fb# off,1
Being Choosy With Twitter: The Follow-Back Conundrum http://t.co/K2rRC2ir #socialmedia #twitter #mediagofer @media_guerilla @SMsavvy,2
@Apple why no Macbook mirroring onto AppleTV via #Airplay?,1
The new Samsung Galaxy nexus.. http://t.co/UtbpXrsj #Android #Samsung #Google #WoW CC @kha1989led @eisaahmad,2
ICS plutôt bien dans l'ensemble perso j'aime beaucoup l'interface des contact // epic fail reconnaissance faciale ! #google #android,3
I HATE #TWITTER,1
No pierdan la oportunidad de registrarse al evento gratuito de Lanzamiento de #Microsoft #Dynamics #AX2012 regístrese: http://t.co/G2SNZEvE,3
Usagi Yojimbo RPG Core Rules pdf ebook: http://t.co/UVYJxGsV #google,2
Can someone explain to me how the hell iMessage differs from a text message? @Apple,1
Can anyone please explain to us why the #Retweet ""issue"" is happening to many but not to others? #twitter #tweeting #tweeps,1
It's almost 4:20. Where is your bong? Is it packed! Let's rip a bowl over the time space continuum that is #Twitter,0
#Google Says ICS Is Coming To The #Nexus S And “Theoretically” Should Work With 2.3 Devices http://t.co/TY0HDQAm,2
Ford edge! Muy bonito 38k pero el sync ke usa es #microsoft para los cells! usara windows update? #panama http://t.co/HEJ5W0YK,3
Calling all speed demons - Galaxy Nexus! http://t.co/7OyVuqdq #android #google,2
yeah! #fringe RT @TrendingTopicMN #csportsmn #android #ios #pulse #google #galaxy #fringe #ajildavna #nexus #ics,0
Tool to allow users to apply #DataQuality rules directly from MS Excel. Learn more @infamarketplace. http://t.co/jkZqrnO6 #Excel #Microsoft,2
Image update &gt;&gt; : AIDS ad campaign : use condoms - http://t.co/qZqblIZB #funny #humour #twitter,2
اعرف الكثير عن نظام ايسكريم ساندويتش http://t.co/Fzjd2Zx1 #android #google,3
http://t.co/k3quwgcu #url unblocker #microsoft proxy #proxy for orkut #gmail proxy microsoft proxy server unblocked proxy site freega...,2
RT @TechHamlet: Thank You Steve : A Song Created for Steve Jobs http://t.co/2vtX8ZJf via @TechHamlet @AzRmusic @Apple #stevejobs #apple,2
... and we were just told what a #microsoft minute is: it is 95 sconds + 1 second which is from 1 to 10 minutes. :),0
Hoy si es hora de dormir ツ #twitter&facebookOFF,3
Whats a good #twitter ap for #iOS that links to #FB accounts to post links? #help,2
Microsoft Excel: How To Alternate the Color Between Rows - http://t.co/x7TZk9sG #microsoft,2
Why is #Google whoring for SAMSUNG? #ICS,2
Je moet er wel een mechanische papegaai voor op je schouder hebben maar dan heb je ook wat! Erg gaaf! #microsoft http://t.co/sBPd8Nbg,3
How to tweet... like a #celeb ;) http://t.co/cQfsjDwB #twitter,0
RT @VanillaLatte_xD: #omfg .. #Twitter Why fxck up ? I wanna see my Retweets ""/,1
RT @schestowitz: When #Microsoft broke the law it played ""victim"". Now it engages in racketeering calls victims ""outlaws"" (""respect our ...,1
#Twitter honey i don't freaking know anymore &gt;&lt;"",1
RT @LCmediaHouse: #Google vs Facebook: Get the Whole Picture for Your Marketing http://t.co/tm2xaijB #SocialMedia,2
RT @olafiolio: Hallelujah! RT @sammydekeijne Voor links van Martin #Microsoft zijn QR codes dan weer wel handig..in een publiek zoals di ...,3
#google обьявил об обновлении #Nexus_S до #ICS . Ждем порта 4.0 на #SGS .,3
Settlement with Multiple Plaintiffs: The Role of Insolvency pdf ebook: http://t.co/YEl8Pq4O #google,2
Y asi cambie las cosas en el #facebook y en #twitter! =D,3
RT @RoycinD: Face Unlock ! #ICS Literally knows your face! #Google #galaxynexus FAILED !,1
Porra mo0 cara que nao entro no #TWITTER mais um Salve pra vc's e amanha tem mais flllws pra quem fika bora laah pra quem vai ksoaksopk,3
@HAZI クック@apple.com？,3
@Apple thank you for sucking so much. I cannot believe you would sell something online that isn't made,1
@apple $319 to repair my iPad 2 Apple you've lost me and my $700 a year Android here I come!,1
Awesome! #Microsoft #holodeck bit.ly/qpGxle,0
RT @mmurrayphoto: Sounds like #CJ20K is going down sooner than later. #twitter #lookout,2
ESTUDIO: #Microsoft vende más pese a alto precio http://t.co/FnFP1JWU,3
#Microsoft #Werk Citrix-Microsoft Specialist - NB-Den Bosch Zoek je een technisch uitdagende high profile groeipo... http://t.co/TsGcOIHX,3
@Marlorific well I feel great about being your first #twitter friend :),0
@Bthompson16 if I was #toocool for #twitter then I wouldn't go on it and as a result my life would be boring so I don't think I am,0
RT @imightbewrong: I'm OVER people bitching about the #iPhone4S... I think it's the smartest phone I've ever had and I'm very happy. : ...,0
Management-Tool aus der Cloud: #Microsoft erweitert #Intune um Softwareverteilung und Remote Task http://t.co/b43OHRlQ @windows,3
""@julioeffio: @chriseffio yo juraba que te habian hackeado el #Twitter ...TODO fue tan #minipandi"" @julioeffio love u! ♥,3
@blackberry is like the #Titanic and it seems everyone is running for the @apple #iPhone life rafts and there won't be enough for everyone!,0
Thanks for the #follow don't forget to add us to your #Twitter list,0
#Apple es la firma tecnológica más valorada por delante de #Microsoft e #IBM http://t.co/7866c2bL #tecnify,3
#Microsoft Eyes A New Approach to Social #Search http://t.co/lh6pRoAM,2
#microsoft says #android is too complex. Interesting - from a user angle contrast #windows with #macos for a comparison.http://goo.gl/Wu3Zm,2
JOIN OUR #TT ON #TWITTER FOLLOW @ThisIsYungFRESH & @macDej #TT #RatchetSymptoms,2
RT @twandroid: Les notifications sont visibles depuis le lockscreen #google #nexusprime,2
Finally got the @apple IPhone thanks to @sprint getting with the times,0
#stupid fucking #Twitter #Twitterapp give me my Damn #mentions NOOWWWWWW!!!!! UGH! #DRAWLIN AS ALWAYS #TMW #PROMOALLDAY #FOLLOWLIMITISGAY TO,1
Panoramas sur ICS ! #google #nexusprime,2
@WEirDOsRunSHIT lol #google,2
#Google unveils Android 4.0 ‘Ice Cream Sandwich’ http://t.co/dciffpI1 via @BGR,2
@Reddclay81 now that were done prasing @Apple 's #iOS5 Everyone go subscribe to notsosuperpro! #shamlessselfpromotion,0
Tips for Reaching Out to Twitter's 50 Million Daily Users http://t.co/IF3IVLWN #twitter #mediagofer #socialmedia @SMsavvy @PRmate @KMiones,0
Thoughts on Android 4.0 #ICS? Excited to play with the new features. #android #google,0
#Twitter.... Side Affects include: Procrastination No Sleep Unable to Focus on ANYTHING Subtweeting RT TT and Low Batteries,1
Nice. Duim navigatie voor de tablet apps :) #augnl #microsoft,3
#google #icecream #galaxy #nexus http://t.co/gkoHBpN8,2
WebGL infinite bookcase UI http://t.co/bvu1qtkT #google,2
@KylieMessier yeahh you did! It was about time. Caught the #twitter bug and now i'm hooked!,1
#Google #IceCreamSandwich Debuts as IPhone Sets Record: Tech. http://t.co/TrENUYF4,2
RT @Yvandavid: Que lo mataron por #Twitter ya RT @Yonopienso_: ¿Que le paso a Osmel?xD.,3
Echelon Quality Management System pdf ebook: http://t.co/sPVYoB8r #google,2
Soy FAN de #Google http://t.co/bGBhZROX http://t.co/iLNouVGK http://t.co/RfFixdi4 http://t.co/pdRns1pK,2
Thanks to a 90 minute wait on hold half an hour actually talking to someone the @Apple tech decides to send me an email to fix my phone,1
#Occupy #Twitter...Let&#39;s make Twitter a Social Media not a just a Bulletin Board. Engage! Interact! Socialize!,0
RT @Microsoft_EDU: Quality #education is vital. Attend #Microsoft & #Desire2Learn session at #EDUCAUSE http://t.co/Gym6pUUx #EDU11,2
@VentureBeat I like the #google virtual bookcase thank you for sharing,0
Ice Cream Sandwich to stop carriers bullying smartphone users #google #android http://t.co/a0wncHmI,1
RT @42Hermy: @Reddclay81 now that were done prasing @Apple 's #iOS5 Everyone go subscribe to notsosuperpro! #shamlessselfpromotion,0
It would have taken me 15 mins to write this with my #Blackberry. Thank u @Apple 4s for converting me and showing me the grass is greener!,0
@TreyRatcliff Congrats on making it to the #google #android 4.0 demo :) http://t.co/EPIv7ny5 #icecreamsandwich,0
A nigga can't even go to sleep nd wake up good ppl be trip'n over #Twitter,1
Thank You Steve : A Song Created for Steve Jobs http://t.co/2vtX8ZJf via @TechHamlet @AzRmusic @Apple #stevejobs #apple,0
@JakeDizzleWins We Need To Speak Sum Real Shit On #Twitter,2
@apple: Multiple times siri is ""having trouble connecting to the network."" Siri needs servers (and some exercise!),1
RT @Apple sells 4 million iPhone 4S in 3 days http://t.co/vElmtzNS via @reuters,2
I tried to explain why you would do ""The #Twitter "" : &#8220;The Twitter&#8221;: http://t.co/opjnrXlb @jefferypjacobs,0
el momento en el que me puedo desahogar si efectividamente es en #twitter,3
My #Twitter acting funnyyyyyyy....,0
#LOVATICS! Wanna be in a fan book for @ddlovato let me know and ill send wat needs2b in it via #twitter,2
RT @MikeMcCready: Don’t Cast Your Google Adwords Net Too Wide | Mike McCready http://t.co/ms06fehi #google #adwords,2
#Microsoft en el futuro: #Kinect y su tecnología avanzada http://t.co/JOVFeZRl,3
Cat accusing tiger for roaring #Samsung on @Apple,0
#Microsoft arrogance again - Ballmer says you need to be a computer scientist to use #Android http://t.co/pltitgeI,1
Some1 shld create a Business where they take ppl's #twitter streams over a period of time & make them into a nice book. #keepsake #urwelcome,2
#Microsoft #Silverlight v4.0.60831 &amp; v5.0.60818 RC | fanSte.nl http://t.co/b4IRd1qa via @pryourblog,2
@thatstevegray done that buddy just surprised that there's no option from @apple & if you turn it back on it brings back the pics u delete,1
#google เริ่มเปิดต้วระบบปฎิบัติการ Android 4.0 Ice Cream Sandwich แล้ว,3
Damn you @apple for breaking wififofum! It continued to work in ios 4. Was one of my most used apps. Damn Apple's overbearing policies!,1
Tweet number 1000 shout out to all my followers #Twitter,2
@apple @siri is efffing amazing!!,0
@macworld_brasil vcs conseguiram fazer funcionar o find my Mac? O meu sempre pede para reportar o erro a @Apple !,3
#Twitter Buzz Builds for the Occupy Wall Street Movement [CHARTS] http://t.co/mTdvRoIj,2
RT @CNNEE: #Skype ya es parte de #Microsoft http://t.co/f54UXNwi,3
#SMAU Milano & #I9 domani un posto in prima fila!Vi aspetto 11:30 area sessioni tecniche #Microsoft stay tunef!,3
Steve Ballmer: #Nokia to reveal multiple #Windows Phone devices next week #Microsoft may make their own - http://t.co/KnmpXSW0,2
RT @RossMistry: #Microsoft Codename ""Data Explorer"" CTP Coming Next Month http://t.co/NkhuoM7U #SQLServer #SQL2012 #SQLAzure,2
Samsung Galaxy Nexus Google Android 4.0 Live Blog : http://t.co/wwSYXAbn #android #google #mobile #news,2
I'm so ready for Ice Cream Sandwich! #ICS #Nexus #Google #Android #SiriWho? http://t.co/Cjonncvk @GetGlue #Android,0
I want the new #google #galaxynexus. Android 4.0 is going to be the fucks,1
@LOvely_MsToya relaxin my mind! And #twitter,0
#Microsoft lanza sitio oficial de #Skype http://t.co/fWDALlIe,3